{
  "model": "jinaai/jina-embeddings-v2-base-en",
  "hidden_size": 768,
  "num_test_texts": 20,
  "magnitude_variation": true,
  "binding_works": true,
  "unbinding_works": true,
  "bundling_works": true,
  "bundling_capacity": 3,
  "all_gates_pass": true,
  "magnitudes": [
    23.981409072875977,
    27.422712326049805,
    26.29416847229004,
    27.281557083129883,
    27.03556251525879,
    26.837369918823242,
    25.882240295410156,
    26.1370849609375,
    27.052581787109375,
    27.68032455444336,
    26.649139404296875,
    21.469209671020508,
    27.02162742614746,
    27.19692039489746,
    26.574430465698242,
    27.222471237182617,
    27.706920623779297,
    25.363924026489258,
    26.203746795654297,
    27.565597534179688
  ]
}