{
  "model": "BAAI/bge-large-en-v1.5",
  "hidden_size": 1024,
  "num_test_texts": 20,
  "magnitude_variation": true,
  "binding_works": true,
  "unbinding_works": true,
  "bundling_works": true,
  "bundling_capacity": 4,
  "all_gates_pass": true,
  "magnitudes": [
    17.645402908325195,
    16.301898956298828,
    16.771892547607422,
    16.475910186767578,
    17.138660430908203,
    18.26371192932129,
    17.63166618347168,
    17.30001449584961,
    17.31928062438965,
    17.73404312133789,
    17.28343391418457,
    16.945873260498047,
    16.75043296813965,
    17.687400817871094,
    17.682825088500977,
    17.543487548828125,
    17.246166229248047,
    17.241413116455078,
    17.577865600585938,
    17.343585968017578
  ]
}