{
  "model": "mixedbread-ai/mxbai-embed-large-v1",
  "hidden_size": 1024,
  "num_test_texts": 20,
  "magnitude_variation": true,
  "binding_works": true,
  "unbinding_works": true,
  "bundling_works": true,
  "bundling_capacity": 5,
  "all_gates_pass": true,
  "magnitudes": [
    17.568601608276367,
    16.565656661987305,
    16.900739669799805,
    16.577478408813477,
    17.477153778076172,
    18.298707962036133,
    17.719343185424805,
    17.58162498474121,
    17.386951446533203,
    17.908723831176758,
    17.370393753051758,
    17.122543334960938,
    16.597475051879883,
    17.90654182434082,
    17.810794830322266,
    17.556854248046875,
    17.267108917236328,
    16.96980857849121,
    17.645387649536133,
    17.426223754882812
  ]
}