{
  "colliding_count": 16067,
  "non_colliding_count": 74760,
  "knn_distances": {
    "colliding_mean": 0.10583028888595779,
    "colliding_median": 0.08763705018175516,
    "colliding_std": 0.10614339198713928,
    "non_colliding_mean": 0.25827766168281063,
    "non_colliding_median": 0.2575716385345167,
    "non_colliding_std": 0.07057785686797097,
    "ratio": 0.4097539376670034
  },
  "nearest_non_colliding": {
    "colliding_to_non_colliding_mean": 0.11860873905571405,
    "colliding_to_non_colliding_median": 0.09606785888520586,
    "non_colliding_to_non_colliding_mean": 0.120837024469015,
    "non_colliding_to_non_colliding_median": 0.11362278435092443,
    "ratio": 0.981559580574807
  },
  "centroid_analysis": {
    "colliding_to_iso_centroid_mean": 0.3584358146617574,
    "non_colliding_to_iso_centroid_mean": 0.3853886545038804,
    "ratio": 0.9300632244173872,
    "centroid_to_centroid_cosine_distance": 0.037612971909518844
  },
  "regime_membership": {
    "p25": 0.18341221835197907,
    "p75": 0.3005072565641278,
    "colliding_oversymbolic": 11417,
    "colliding_isosymbolic": 4136,
    "colliding_undersymbolic": 514,
    "colliding_oversymbolic_pct": 71.05869172838737,
    "colliding_isosymbolic_pct": 25.742204518578454,
    "colliding_undersymbolic_pct": 3.1991037530341693
  }
}