{
  "model": "mxbai-embed-large",
  "patterns": [
    {
      "pattern": "SVO",
      "n_sentences": 800,
      "roles": [
        "verb",
        "object"
      ],
      "feature_rank": 39,
      "training": {
        "matrix_mean": 0.8987126428363835,
        "baseline_mean": 0.786269594132704,
        "improvement": 0.1124430487036795
      },
      "leave_one_out": {
        "n_evaluated": 200,
        "matrix_mean": 0.8958320477132117,
        "baseline_mean": 0.7907164043315476,
        "improvement": 0.10511564338166413
      },
      "matrix_properties": {
        "verb": {
          "frobenius": 2.662444770081836,
          "identity_distance": 31.854711990750296
        },
        "object": {
          "frobenius": 3.2764201488589357,
          "identity_distance": 31.798387849570513
        }
      }
    },
    {
      "pattern": "Adj-SVO",
      "n_sentences": 800,
      "roles": [
        "adjective",
        "verb",
        "object"
      ],
      "feature_rank": 28,
      "training": {
        "matrix_mean": 0.8951463158735387,
        "baseline_mean": 0.7357686977465443,
        "improvement": 0.15937761812699436
      },
      "leave_one_out": {
        "n_evaluated": 200,
        "matrix_mean": 0.8889178044381564,
        "baseline_mean": 0.7362919333299981,
        "improvement": 0.15262587110815828
      },
      "matrix_properties": {
        "adjective": {
          "frobenius": 1.7720177492128957,
          "identity_distance": 31.92431136392988
        },
        "verb": {
          "frobenius": 1.5099562768854604,
          "identity_distance": 31.945697973723302
        },
        "object": {
          "frobenius": 2.2833463713937743,
          "identity_distance": 31.90618767156227
        }
      }
    },
    {
      "pattern": "S-Adv-V-O",
      "n_sentences": 800,
      "roles": [
        "verb",
        "adverb",
        "object"
      ],
      "feature_rank": 28,
      "training": {
        "matrix_mean": 0.8959878035261483,
        "baseline_mean": 0.72885202751852,
        "improvement": 0.1671357760076283
      },
      "leave_one_out": {
        "n_evaluated": 200,
        "matrix_mean": 0.8898133517772877,
        "baseline_mean": 0.7347532632360013,
        "improvement": 0.1550600885412864
      },
      "matrix_properties": {
        "verb": {
          "frobenius": 1.635730604866268,
          "identity_distance": 31.945212233147455
        },
        "adverb": {
          "frobenius": 1.2978277538347718,
          "identity_distance": 31.933465348050667
        },
        "object": {
          "frobenius": 2.3572254274490607,
          "identity_distance": 31.907185414601283
        }
      }
    },
    {
      "pattern": "S-V-Prep-PObj",
      "n_sentences": 800,
      "roles": [
        "verb",
        "preposition",
        "prep_object"
      ],
      "feature_rank": 28,
      "training": {
        "matrix_mean": 0.9042110692780032,
        "baseline_mean": 0.7458667868345735,
        "improvement": 0.15834428244342968
      },
      "leave_one_out": {
        "n_evaluated": 200,
        "matrix_mean": 0.9016885560293737,
        "baseline_mean": 0.7471348215163729,
        "improvement": 0.1545537345130008
      },
      "matrix_properties": {
        "verb": {
          "frobenius": 1.8157836528102114,
          "identity_distance": 31.947765499223078
        },
        "preposition": {
          "frobenius": 1.0961300311375115,
          "identity_distance": 31.97258090261367
        },
        "prep_object": {
          "frobenius": 2.117927981314503,
          "identity_distance": 31.89556157770568
        }
      }
    }
  ]
}