{
  "model": "nomic-embed-text",
  "n_sentences": 500,
  "n_subjects": 10,
  "n_verbs": 10,
  "n_objects": 10,
  "embedding_dim": 768,
  "training_set": {
    "matrix_mean_cosine": 0.9223993067036351,
    "matrix_median_cosine": 0.9201306347912493,
    "baseline_mean_cosine": 0.8505025052731723,
    "baseline_median_cosine": 0.8553326695783678,
    "improvement": 0.07189680143046284
  },
  "leave_one_out": {
    "n_evaluated": 200,
    "matrix_mean_cosine": 0.9166141361739233,
    "matrix_median_cosine": 0.9113761082030826,
    "baseline_mean_cosine": 0.8507478631462709,
    "baseline_median_cosine": 0.8548906070205945,
    "improvement": 0.06586627302765236
  },
  "matrix_properties": {
    "M_verb_frobenius": 1.649831815411838,
    "M_obj_frobenius": 2.0580395692128595,
    "M_verb_identity_distance": 27.620742150740337,
    "M_obj_identity_distance": 27.587625170804245
  }
}