{
  "model": "nomic-embed-text",
  "n_sentences": 1000,
  "n_subjects": 27,
  "n_verbs": 30,
  "n_objects": 25,
  "embedding_dim": 768,
  "training_set": {
    "matrix_mean_cosine": 0.9170265631049053,
    "matrix_median_cosine": 0.9322730139134636,
    "baseline_mean_cosine": 0.8661729649201456,
    "baseline_median_cosine": 0.868911107094969,
    "improvement": 0.05085359818475965
  },
  "leave_one_out": {
    "n_evaluated": 200,
    "matrix_mean_cosine": 0.9126894799267342,
    "matrix_median_cosine": 0.928186034626953,
    "baseline_mean_cosine": 0.8671677010984061,
    "baseline_median_cosine": 0.8702660940877973,
    "improvement": 0.045521778828328086
  },
  "matrix_properties": {
    "M_verb_frobenius": 2.9665809540926746,
    "M_obj_frobenius": 3.2950194060866522,
    "M_verb_identity_distance": 27.38822749012828,
    "M_obj_identity_distance": 27.373352542386897
  }
}