{
  "model": "all-minilm",
  "n_sentences": 1000,
  "n_subjects": 27,
  "n_verbs": 30,
  "n_objects": 25,
  "embedding_dim": 384,
  "training_set": {
    "matrix_mean_cosine": 0.8857214118495211,
    "matrix_median_cosine": 0.9205122077409149,
    "baseline_mean_cosine": 0.7011261951071796,
    "baseline_median_cosine": 0.7064283000738152,
    "improvement": 0.18459521674234158
  },
  "leave_one_out": {
    "n_evaluated": 200,
    "matrix_mean_cosine": 0.8778022666496788,
    "matrix_median_cosine": 0.9143300753698989,
    "baseline_mean_cosine": 0.69417087764564,
    "baseline_median_cosine": 0.7001057879401447,
    "improvement": 0.18363138900403875
  },
  "matrix_properties": {
    "M_verb_frobenius": 2.920953562954954,
    "M_obj_frobenius": 3.602604093028086,
    "M_verb_identity_distance": 19.234050445664742,
    "M_obj_identity_distance": 19.13563560964664
  }
}